,Price,Rooms,Surface,Bathrooms,Floor,Zona
0,1600,4,124,2,1,posillipo
1,430,2,40,1,3,posillipo
2,,5+,220,3,5,posillipo
3,1650,5,160,2,5,posillipo
4,950,5,150,2,5,posillipo
5,550,1,28,1,S,posillipo
6,500,1,30,1,T,posillipo
7,1100,2,60,1,1,posillipo
8,1000,3,50,1,3,posillipo
9,1100,2,60,1,1,posillipo
10,800,1,40,1,R,posillipo
11,700,2,50,,1,posillipo
12,1600,2,70,2,T,posillipo
13,680,2,65,1,1,posillipo
14,400,1,25,1,,posillipo
15,600,2,40,1,S,posillipo
16,1900,4,130,3,2,posillipo
17,1800,4,110,2,2,posillipo
18,3200,5+,330,3,R,posillipo
19,3000,5+,224,2,1,posillipo
20,1600,4,100,2,1,posillipo
21,2300,5,150,3,6,posillipo
22,2100,5,150,3,6,posillipo
23,1500,2,55,1,,posillipo
24,1500,2,55,1,,posillipo
25,2000,3,150,2,2,posillipo
26,2100,3,105,3,T,posillipo
27,850,3,70,1,R,posillipo
28,2250,5+,170,2,3,posillipo
29,1500,3,115,2,A,posillipo
30,1500,3,104,2,1,posillipo
31,400,1,40,1,,posillipo
32,950,2,60,1,,posillipo
33,2100,5,120,2,4,posillipo
34,3200,5+,200,3+,2,posillipo
35,2000,3,110,2,3,posillipo
36,1700,5,154,2,4,posillipo
37,670,2,55,1,T,posillipo
38,750,1,45,1,R,posillipo
39,800,3,90,1,5,posillipo
40,2900,5,150,2,2,posillipo
41,1200,4,90,2,3,posillipo
42,650,3,70,1,T,posillipo
43,1600,3,90,2,T,posillipo
44,1500,4,120,2,,posillipo
45,1250,2,70,1,1,posillipo
46,1200,3,100,2,R,posillipo
47,1200,2,40,1,1,posillipo
48,350,1,25,1,,posillipo
49,600,2,60,,R,posillipo
50,750,3,70,1,4,posillipo
51,2700,5+,170,3,4,posillipo
52,,4,150,2,T,posillipo
53,600,1,40,1,3,posillipo
54,850,2,50,1,2,posillipo
55,3000,5+,280,3+,T,posillipo
56,1100,3,70,2,T,posillipo
57,700,2,50,1,,posillipo
58,1500,2,60,1,1,posillipo
59,1500,2,60,1,2,posillipo
60,,3,95,2,3,posillipo
61,1900,4,155,2,2,posillipo
62,1400,3,95,2,3,posillipo
63,1500,4,90,2,5,posillipo
64,500,1,50,1,2,posillipo
65,1000,1,54,1,T,posillipo
66,900,3,80,1,1,posillipo
67,530,1,30,1,,posillipo
68,700,1,30,2,,posillipo
69,2100,4,140,2,5,posillipo
70,500,1,35,1,2,posillipo
71,750,2,60,1,R,posillipo
72,450,1,40,1,T,posillipo
73,1250,2,70,1,1,posillipo
74,800,2,45,1,3,posillipo
75,1250,2,60,1,1,posillipo
76,1200,4,85,2,,posillipo
77,450,2,40,1,T,posillipo
78,550,1,40,1,T,posillipo
79,750,2,60,1,T,posillipo
80,1400,2,90,1,2,posillipo
81,1600,5+,165,2,1,posillipo
82,1400,5,130,2,A,posillipo
83,650,2,40,1,T,posillipo
84,800,2,45,1,R,posillipo
85,1350,4,105,3,,posillipo
86,1100,4,90,2,4,posillipo
87,2800,5+,245,3,2,posillipo
88,1000,2,65,1,R,posillipo
89,650,3,95,1,T,posillipo
90,980,2,65,1,2,posillipo
91,1000,3,90,2,T,posillipo
92,1400,3,100,2,1,posillipo
93,2000,5,152,3,2,posillipo
94,700,2,40,1,T,posillipo
95,500,3,45,1,2,posillipo
96,4000,5+,220,3+,3,posillipo
97,1000,2,55,1,,posillipo
98,1200,3,85,2,3,posillipo
99,2700,5+,225,3,1,posillipo
100,1200,3,80,2,,posillipo
101,1450,5+,150,2,2,posillipo
102,2200,3,110,2,1,posillipo
103,3200,5+,230,3,1,posillipo
104,3500,5,240,3,3,posillipo
105,1000,3,70,1,1,posillipo
106,1300,2,90,1,1,posillipo
107,3000,5,350,2,,posillipo
108,2500,5,205,3,2,posillipo
109,2000,5+,220,3,1,posillipo
110,550,1,40,1,,posillipo
111,400,1,20,1,T,posillipo
112,1500,3,120,2,1,posillipo
113,800,2,55,1,1,posillipo
114,750,2,47,1,T,posillipo
115,3000,5+,400,3,1,posillipo
116,3000,5,250,3+,4,posillipo
117,800,3,90,1,4,posillipo
118,1600,4,150,2,2,posillipo
119,1100,4,100,2,A,posillipo
120,750,2,40,1,T,posillipo
121,3500,5+,280,3,5,posillipo
122,1000,2,82,1,T,posillipo
123,1100 al mese,2,70,1,2,posillipo
124,800,3,80,1,2,posillipo
0,800,3,60,2,T,marechiaro
1,1600,2,70,2,T,marechiaro
2,2998,5+,417,3+,,marechiaro
3,1500,2,50,1,2,marechiaro
4,700,2,40,1,T,marechiaro
5,5000,5+,615,3+,,marechiaro
6,700,2,40,1,A,marechiaro
7,2999,5+,395,3,,marechiaro
8,3000,5,400,3,1,marechiaro
9,3000,5+,400,3,1,marechiaro
0,700,2,50,1,R,centro
1,600,2,40,1,2,centro
2,680,2,70,1,2,centro
3,500,2,40,1,2,centro
4,700,3,63,1,3,centro
5,1000,2,83,1,2,centro
6,430,2,40,1,1,centro
7,570,3,60,1,1,centro
8,650,2,60,1,9,centro
9,1200,2,50,1,3,centro
10,700,2,40,2,2,centro
11,520,2,60,1,4,centro
12,1000,2,80,1,2,centro
13,700,2,75,1,4,centro
14,1100,2,50,1,4,centro
15,800,3,70,2,1,centro
16,350,2,28,1,T,centro
17,590,2,67,1,2,centro
18,750,3,62,1,8,centro
19,1000,4,120,1,6,centro
20,550,2,50,1,4,centro
21,700,2,60,1,2,centro
22,550,2,50,1,1,centro
23,600,1,40,1,1,centro
24,590,2,60,1,2,centro
25,1800,5,140,3+,3,centro
26,890,3,75,1,1,centro
27,700,3,80,1,1,centro
28,900,3,100,1,4,centro
29,1500,3,125,2,1,centro
30,600,2,35,1,T,centro
31,500,4,90,1,3,centro
32,900,5,140,2,,centro
33,500,2,40,1,4,centro
34,470,2,45,1,6,centro
35,1100,5,140,2,4,centro
36,750,2,70,2,1,centro
37,1700,4,130,2,1,centro
38,550,2,50,1,4,centro
39,2200,3,100,1,1,centro
40,400,2,40,1,T,centro
41,1700,3,120,2,1,centro
42,1200,2,60,1,4,centro
43,1000,2,60,1,2,centro
44,350,2,40,1,3,centro
45,500,1,35,1,1,centro
46,870,4,88,1,7,centro
47,900,3,50,1,1,centro
48,1700,4,150,3,1,centro
49,380,1,45,,,centro
50,500,2,30,,,centro
51,1200,5,150,2,R,centro
52,700,3,80,,,centro
53,390,1,30,1,4,centro
54,3500,5+,380,,,centro
55,700,3,75,2,1,centro
56,650,3,70,1,T,centro
57,700,1,23,1,2,centro
58,600,2,50,1,2,centro
59,600,2,45,1,4,centro
60,1300,4,135,1,4,centro
61,500,2,43,1,1,centro
62,850,3,70,1,1,centro
63,800,2,70,1,1,centro
64,1300,2,65,1,3,centro
65,900,3,113,1,2,centro
66,250,1,13,1,T,centro
67,500,2,40,1,3,centro
68,900,3,80,2,2,centro
69,1700,3,144,2,3,centro
70,750,3,109,1,1,centro
71,650,2,55,1,3,centro
72,550,2,50,1,1,centro
73,1100,2,60,1,,centro
74,380,1,30,1,4,centro
75,1700,4,121,3,A,centro
76,830,2,50,1,3,centro
77,600,1,38,,3,centro
78,650,2,50,1,2,centro
79,550,3,45,1,2,centro
80,1000,4,100,3+,2,centro
81,500,2,80,2,4,centro
82,850,2,60,1,3,centro
83,470,2,60,1,3,centro
84,550,1,25,1,3,centro
85,800,4,90,2,5,centro
86,2600,5+,280,3+,4,centro
87,1800,5,100,1,,centro
88,700,2,50,1,5,centro
89,350,1,30,1,4,centro
90,1400,4,130,1,5,centro
91,500,1,30,1,3,centro
92,750,3,50,1,3,centro
93,2000,5,145,2,2,centro
94,800,4,80,1,1,centro
95,1000,4,130,1,6,centro
96,1000,4,130,2,1,centro
97,1150,3,90,1,2,centro
98,830,2,50,1,T,centro
99,1200,4,110,1,3,centro
100,480,,45,1,2,centro
101,1100,3,70,1,7,centro
102,640,2,90,1,2,centro
103,600,2,30,,4,centro
104,650,2,50,1,T,centro
105,550,2,55,1,2,centro
106,500,1,40,1,,centro
107,1000,4,85,2,1,centro
108,850,2,48,1,5,centro
109,1400,4,99,2,5,centro
110,750,3,60,1,3,centro
111,600,1,32,1,3,centro
112,,3,130,2,6,centro
113,2900,5+,250,3+,4,centro
114,1100,4,90,2,5,centro
115,450,1,35,1,R,centro
116,1000,3,70,1,3,centro
117,1000,4,90,1,1,centro
118,550,2,50,1,4,centro
119,1200,2,70,1,3,centro
120,1000,2,60,1,3,centro
121,530,2,45,1,1,centro
122,500,3,65,1,4,centro
123,800,3,100,1,6,centro
124,450,2,45,1,4,centro
125,1000,2,74,2,4,centro
126,600,1,35,1,1,centro
127,1400,4,160,2,,centro
128,850,5+,135,1,1,centro
129,700,1,40,1,,centro
130,1700,3,100,1,,centro
131,500,1,40,1,1,centro
132,680,3,90,1,T,centro
133,750,2,60,1,A,centro
134,730,2,65,1,4,centro
135,650,1,35,,,centro
136,550,1,30,1,,centro
137,350,1,25,1,3,centro
138,1200,4,114,1,5,centro
139,1350,4,188,3,T,centro
140,500,1,30,,2,centro
141,900,3,75,1,,centro
142,1200,3,70,1,,centro
143,10000,,400,,,centro
144,800,2,70,1,2,centro
145,1500,2,65,1,5,centro
146,870,4,130,2,,centro
147,1000,3,85,1,2,centro
148,600,3,80,1,2,centro
149,1300,3,100,,,centro
150,650,3,75,1,4,centro
151,1200,5,115,2,A,centro
152,450,2,30,1,1,centro
153,550,2,50,1,R,centro
154,1000,4,100,2,A,centro
155,1000,3,90,2,,centro
156,1000,5,83,2,1,centro
157,500,2,45,1,1,centro
158,500,1,45,1,R,centro
159,750,2,70,1,2,centro
160,1600,4,170,2,,centro
161,950,2,75,1,3,centro
162,700,3,75,1,4,centro
163,700,3,80,1,8,centro
164,1950,2,55,1,2,centro
165,470,2,60,1,3,centro
166,850,3,80,1,3,centro
167,950,3,100,2,4,centro
168,800,3,90,1,5,centro
169,900,,90,,3,centro
170,1000,4,90,2,1,centro
171,1600,5,120,1,10,centro
172,1000,3,100,1,5,centro
173,400,3,100,,,centro
174,500,2,40,1,R,centro
175,800,3,80,1,4,centro
176,1050,2,40,1,,centro
177,1800,4,85,,,centro
178,900,3,90,1,7,centro
179,3650,5+,125,,1,centro
180,900,2,65,1,1,centro
181,3300,5+,180,3+,1,centro
182,1200,4,110,3,4,centro
183,349,1,20,1,3,centro
184,850,2,90,1,1,centro
185,500,2,40,1,T,centro
186,750,3,70,1,A,centro
187,850,3,70,,A,centro
188,600,2,52,1,1,centro
189,500,2,65,1,1,centro
190,1000,3,120,1,1,centro
191,900,3,90,1,3,centro
192,680,2,50,1,1,centro
193,1200,3,120,2,2,centro
194,1000,5,125,1,,centro
195,750,4,82,1,3,centro
196,7000,5,160,1,3,centro
197,1000,2,60,1,3,centro
198,650,3,75,1,2,centro
199,950,3,70,1,3,centro
200,600,2,61,2,2,centro
201,1100,3,71,1,3,centro
202,590,2,45,1,T,centro
203,850,4,120,1,,centro
204,1150,4,110,2,2,centro
205,1300,2,70,1,9,centro
206,850,3,90,1,3,centro
207,,2,30,1,1,centro
208,1100,5,110,2,1,centro
209,400,1,30,1,3,centro
210,1150,5,120,2,3,centro
211,300,1,15,,,centro
212,550,2,42,1,4,centro
213,1050,2,65,1,1,centro
214,800,2,50,1,3,centro
215,850,2,50,1,1,centro
216,450,2,40,1,T,centro
217,650,1,16,1,,centro
218,400,2,35,1,T,centro
219,650,3,90,1,3,centro
220,700,3,50,1,1,centro
221,1100,4,108,1,5,centro
222,1050,3,50,1,3,centro
223,250,3,100,2,2,centro
224,3500,5+,300,2,2,centro
0,500,2,45,1,T,materdei
1,700,5+,130,2,T,materdei
2,450,2,25,1,2,materdei
3,850,3,85,2,2,materdei
4,450,2,40,1,A,materdei
5,400,2,34,1,T,materdei
6,370,1,25,1,2,materdei
7,900,2,80,1,2,materdei
8,580,2,51,1,1,materdei
9,1300,3,90,2,3,materdei
10,740,4,70,1,4,materdei
11,1200,3,90,1,2,materdei
12,800,3,70,2,5,materdei
13,900,3,120,2,3,materdei
14,850,3,90,2,2,materdei
15,850,4,100,2,R,materdei
16,800,2,60,1,3,materdei
17,1200,5+,145,2,4,materdei
18,450,1,30,1,1,materdei
0,900,3,100,1,4,museo
1,600,1,30,1,2,museo
2,600,1,30,1,1,museo
3,740,4,70,1,4,museo
4,900,3,120,2,3,museo
5,1150,5,110,2,A,museo
6,1250,5,150,2,3,museo
7,600,1,45,1,2,museo
8,750,4,105,1,3,museo
9,1000,3,85,1,1,museo
0,850,2,78,1,11+,centro-direzionale
1,900,2,55,1,R,centro-direzionale
2,600,1,34,1,T,centro-direzionale
3,800,2,65,1,6,centro-direzionale
4,900,2,60,1,,centro-direzionale
0,500,3,90,1,6,poggioreale
1,550,3,65,1,1,poggioreale
2,800,4,105,2,2,poggioreale
3,550,3,70,1,7,poggioreale
4,450,2,65,1,6,poggioreale
5,500,2,65,1,3,poggioreale
6,,5,80,2,2,poggioreale
7,450,1,40,1,R,poggioreale
8,450,2,45,1,,poggioreale
0,950,2,50,1,1,vomero
1,900,2,55,1,3,vomero
2,1950,3,90,2,T,vomero
3,1200,3,70,2,1,vomero
4,1380,3,175,2,T,vomero
5,800,2,65,1,6,vomero
6,1200,3,105,2,5,vomero
7,800,2,70,1,5,vomero
8,1000,3,100,1,4,vomero
9,650,1,53,1,T,vomero
10,700,2,40,2,2,vomero
11,700,2,75,1,4,vomero
12,1100,3,90,1,2,vomero
13,1500,5,150,2,A,vomero
14,800,2,72,1,1,vomero
15,1550,5,160,2,3,vomero
16,1750,5,140,2,2,vomero
17,950,3,85,1,2,vomero
18,1750,5,140,2,2,vomero
19,950,3,85,1,2,vomero
20,950,3,85,1,2,vomero
21,950,3,85,1,2,vomero
22,900,2,46,1,4,vomero
23,950,3,85,1,2,vomero
24,1100,4,130,2,A,vomero
25,1300,4,110,2,,vomero
26,1000,3,75,1,2,vomero
27,900,3,80,2,1,vomero
28,1400,4,150,2,1,vomero
29,700,3,90,2,A,vomero
30,750,2,60,1,1,vomero
31,1200,3,75,1,1,vomero
32,900,2,50,,4,vomero
33,850,2,50,1,3,vomero
34,,4,90,,T,vomero
35,900,2,50,1,3,vomero
36,1000,3,54,2,2,vomero
37,800,2,72,1,1,vomero
38,1100,4,110,2,4,vomero
39,950,2,48,1,5,vomero
40,850,2,60,1,3,vomero
41,1600,3,108,2,5,vomero
42,1100,4,95,2,3,vomero
43,850,2,70,1,4,vomero
44,1000,3,60,1,1,vomero
45,430,1,30,1,1,vomero
46,700,2,60,1,R,vomero
47,490,1,16,1,T,vomero
48,800,2,55,1,5,vomero
49,900,3,80,1,T,vomero
50,1350,3,90,1,4,vomero
51,2500,3,110,2,3,vomero
52,800,2,70,1,1,vomero
53,1580,3,90,1,3,vomero
54,800,2,34,1,3,vomero
55,3000,1,210,,,vomero
56,1600,4,90,1,4,vomero
57,1600,3,85,2,3,vomero
58,1950,5+,170,2,5,vomero
59,1150,3,90,1,R,vomero
60,1100,3,77,1,T,vomero
61,1250,5,130,2,8,vomero
62,1700,2,80,1,A,vomero
63,1100,3,69,1,5,vomero
64,1600,3,120,2,3,vomero
65,1400,4,135,2,,vomero
66,2600,5+,186,3,3,vomero
67,1000,3,75,2,T,vomero
68,1800,5,140,3,1,vomero
69,690,2,50,1,1,vomero
70,1100,3,87,1,3,vomero
71,2200,4,150,3,7,vomero
72,875,4,110,2,1,vomero
73,950,3,90,1,,vomero
74,850,2,50,1,3,vomero
75,950,3,85,1,2,vomero
76,1400,5,150,2,,vomero
77,1000,3,80,2,1,vomero
78,800,2,45,1,T,vomero
79,2000,5,150,2,5,vomero
80,900,2,65,1,1,vomero
81,1000,3,90,1,2,vomero
82,1400,5+,140,3,,vomero
83,1600,4,125,2,3,vomero
84,700,1,40,1,,vomero
85,1350,4,80,2,2,vomero
86,1200,4,160,2,1,vomero
87,800,2,60,1,1,vomero
88,1600,4,100,,,vomero
89,1200,2,50,1,1,vomero
90,650,2,40,1,A,vomero
91,2500,3,130,3,3,vomero
92,850,2,50,1,4,vomero
93,550,1,30,1,,vomero
94,780,3,85,2,R,vomero
95,1250,2,115,2,6,vomero
96,1800,4,145,2,2,vomero
97,900,3,80,2,1,vomero
98,450,1,30,1,T,vomero
99,1400,4,150,2,1,vomero
100,1400,2,61,1,1,vomero
101,1150,2,60,1,A,vomero
102,1800,4,130,2,8,vomero
103,1800,4,103,1,6,vomero
104,1500,5,120,3,5,vomero
105,1300,4,100,2,6,vomero
106,900,2,60,1,2,vomero
107,1100,2,65,1,5,vomero
108,1300,4,100,2,7,vomero
109,850,2,45,1,5,vomero
110,1250,3,95,1,5,vomero
111,890,3,85,1,1,vomero
112,1100,3,80,1,2,vomero
113,800,2,45,1,T,vomero
114,850,3,75,1,1,vomero
115,1250,4,130,2,3,vomero
116,1000,3,70,1,2,vomero
117,1400,4,160,2,,vomero
118,950,2,65,1,T,vomero
119,1000,2,54,1,T,vomero
120,1400,3,90,2,4,vomero
121,1400,3,115,2,3,vomero
122,800,2,75,1,1,vomero
123,2400,5,200,3,4,vomero
124,1100,3,90,2,,vomero
125,1500,5,130,2,4,vomero
126,740,1,37,1,5,vomero
127,600,2,45,1,1,vomero
128,1000,2,60,1,5,vomero
129,1000,3,92,1,2,vomero
130,1100,3,95,1,6,vomero
131,750,2,60,1,T,vomero
132,1000,5,141,2,3,vomero
133,2500,4,150,2,2,vomero
134,1000,2,90,1,4,vomero
135,790,2,50,1,1,vomero
136,1100,3,90,1,2,vomero
137,1500,4,95,2,8,vomero
138,1200,5,120,,,vomero
139,1500,4,120,1,R,vomero
140,1000,3,90,1,4,vomero
141,1200,3,95,1,3,vomero
142,1500,5,132,2,,vomero
143,,5+,280,3,2,vomero
144,,5+,280,3,2,vomero
145,,5+,240,2,R,vomero
146,1300,3,80,1,2,vomero
147,1100,3,90,1,2,vomero
148,1200,3,100,1,,vomero
149,620,2,50,1,1,vomero
0,600,2,40,1,T,arenella
1,1600,3,90,1,8,arenella
2,1400,5,130,2,3,arenella
3,1000,3,100,1,4,arenella
4,1100,3,90,1,2,arenella
5,1600,5,130,,,arenella
6,600,1,40,1,R,arenella
7,1300,5,110,2,5,arenella
8,550,1,30,1,2,arenella
9,900,2,46,1,4,arenella
10,1140,4,105,2,7,arenella
11,850,3,90,2,T,arenella
12,850,3,80,1,3,arenella
13,1600,5,110,1,A,arenella
14,1300,5,120,2,4,arenella
15,1000,3,80,2,3,arenella
16,1250,4,110,2,5,arenella
17,1000,3,65,1,6,arenella
18,900,2,65,1,3,arenella
19,850,2,60,1,3,arenella
20,1300,5+,130,2,3,arenella
21,430,1,30,1,1,arenella
22,790,2,55,1,R,arenella
23,2000,4,150,2,1,arenella
24,1500,3,126,2,6,arenella
25,750,2,45,1,R,arenella
26,800,4,100,1,3,arenella
27,600,1,40,1,R,arenella
28,1200,4,146,2,3,arenella
29,700,2,70,1,T,arenella
30,750,2,75,1,5,arenella
31,900,4,110,1,3,arenella
32,1100,3,90,1,2,arenella
33,1000,3,100,2,6,arenella
34,1250,4,120,2,5,arenella
35,780,3,90,1,2,arenella
36,1100,4,115,2,6,arenella
37,900,4,95,1,2,arenella
38,1200,5,140,2,2,arenella
39,1200,5,130,2,3,arenella
40,450,1,52,1,2,arenella
41,500,1,85,1,2,arenella
42,1100,5+,145,2,5,arenella
43,1199,5+,140,2,3,arenella
44,800,3,65,,,arenella
45,700,2,70,1,6,arenella
46,600,2,40,1,,arenella
47,1300,3,90,2,3,arenella
48,690,3,85,2,T,arenella
49,700,1,45,1,T,arenella
50,1300,4,130,2,7,arenella
51,650,2,60,1,5,arenella
52,1100,3,92,1,1,arenella
53,950,3,105,2,1,arenella
54,1100,2,60,1,T,arenella
55,550,2,50,1,1,arenella
56,1000,4,125,2,6,arenella
57,1100,1,50,1,T,arenella
58,650,2,50,1,T,arenella
59,900,3,90,2,2,arenella
60,1300,4,125,2,3,arenella
61,1050,4,110,2,1,arenella
62,1250,4,130,2,3,arenella
63,1300,4,122,2,1,arenella
64,1400,5,135,2,5,arenella
65,1700,3,90,,,arenella
66,1100,3,90,2,,arenella
67,1000,3,100,1,,arenella
68,1150,3,100,2,3,arenella
69,1200,3,92,2,T,arenella
70,900,3,80,1,1,arenella
71,1100,3,95,1,6,arenella
72,300,2,50,1,1,arenella
73,950,3,86,1,1,arenella
74,1200,3,95,1,3,arenella
0,600,4,122,1,2,barra
1,599,3,90,1,2,barra
2,600,4,106,1,1,barra
0,350,2,50,1,1,ponticelli
1,400,2,55,1,R,ponticelli
2,800,3,180,2,,ponticelli
3,500,2,70,1,1,ponticelli
4,800,3,96,2,1,ponticelli
5,350,2,30,1,T,ponticelli
6,500,3,105,1,2,ponticelli
7,650,5,131,1,3,ponticelli
8,550,3,95,1,,ponticelli
9,650,4,120,2,7,ponticelli
10,700,3,110,2,2,ponticelli
11,650,4,120,2,11+,ponticelli
12,500,3,65,1,,ponticelli
13,650,4,115,2,3,ponticelli
14,750,5,130,2,1,ponticelli
15,550,,90,,3,ponticelli
0,400,2,65,1,T,san-giovanni-a-teduccio
1,400,2,49,1,T,san-giovanni-a-teduccio
2,800,4,147,2,1,san-giovanni-a-teduccio
3,550,2,68,1,3,san-giovanni-a-teduccio
4,350,2,50,1,1,san-giovanni-a-teduccio
5,690,3,89,1,3,san-giovanni-a-teduccio
6,1000,5,120,1,,san-giovanni-a-teduccio
7,350,1,50,,,san-giovanni-a-teduccio
8,600,3,65,1,1,san-giovanni-a-teduccio
9,450,2,60,1,1,san-giovanni-a-teduccio
10,550,1,30,1,T,san-giovanni-a-teduccio
0,470,3,75,1,2,scampia
1,700,4,120,2,4,scampia
0,500,3,80,1,3,secondigliano
1,430,2,65,,,secondigliano
2,600,3,70,1,3,secondigliano
3,400,3,61,1,1,secondigliano
4,600,3,60,1,3,secondigliano
5,400,2,60,1,A,secondigliano
6,700,4,100,2,1,secondigliano
7,750,3,90,1,T,secondigliano
8,450,2,60,1,5,secondigliano
9,370,2,65,1,T,secondigliano
10,600,3,80,1,3,secondigliano
11,400,2,50,1,2,secondigliano
12,450,2,55,1,1,secondigliano
13,600,2,80,1,1,secondigliano
14,400,3,60,1,T,secondigliano
15,380,1,40,1,T,secondigliano
16,650,4,110,1,4,secondigliano
17,450,2,67,1,5,secondigliano
18,500,2,75,1,2,secondigliano
19,600,4,120,1,1,secondigliano
20,500,4,150,1,3,secondigliano
21,500,3,87,1,2,secondigliano
22,450,2,65,1,3,secondigliano
23,550,3,70,1,T,secondigliano
24,1000,1,216,1,T,secondigliano
0,450,2,55,1,4,capodichino
1,650,4,142,2,1,capodichino
2,700,4,140,2,1,capodichino
3,600,4,100,2,1,capodichino
4,500,1,30,1,T,capodichino
5,500,3,50,1,R,capodichino
6,500,3,80,1,4,capodichino
7,600,3,75,1,3,capodichino
8,500,3,87,1,2,capodichino
9,410,2,60,1,T,capodichino
10,800,4,120,2,2,capodichino
11,600,3,85,1,4,capodichino
12,550,3,113,1,1,capodichino
13,500,3,87,1,3,capodichino
14,400,2,50,,,capodichino
15,650,3,70,1,R,capodichino
16,700,,140,2,1,capodichino
17,800,,120,,3,capodichino
18,800,,110,1,2,capodichino
0,350,2,40,1,T,chiaiano
1,420,3,80,1,R,chiaiano
2,800,3,90,2,T,chiaiano
3,490,3,70,1,2,chiaiano
4,450,3,85,1,3,chiaiano
5,500,3,60,,T,chiaiano
6,800,4,100,2,,chiaiano
7,690,3,90,2,1,chiaiano
8,350,3,40,1,T,chiaiano
9,350,1,30,1,R,chiaiano
10,800,3,110,2,3,chiaiano
11,480,2,70,1,1,chiaiano
12,500,2,50,1,2,chiaiano
13,500,3,80,1,T,chiaiano
14,650,4,110,1,1,chiaiano
15,700,2,45,1,3,chiaiano
16,600,4,100,1,4,chiaiano
17,6000,5+,631,3+,,chiaiano
18,360,2,50,1,1,chiaiano
19,500,2,50,1,R,chiaiano
20,650,2,60,1,T,chiaiano
21,550,3,50,1,R,chiaiano
22,650,3,120,2,1,chiaiano
23,700,3,85,1,,chiaiano
24,280,1,25,1,R,chiaiano
25,530,3,80,1,R,chiaiano
26,450,2,50,1,R,chiaiano
27,450,2,60,1,1,chiaiano
28,500,2,58,1,1,chiaiano
29,450,2,65,1,T,chiaiano
30,430,2,50,1,T,chiaiano
31,890,5,170,3,,chiaiano
32,790,3,154,2,5,chiaiano
33,600,3,90,2,T,chiaiano
34,780,4,100,1,1,chiaiano
35,650,3,80,1,3,chiaiano
36,700,5,150,2,2,chiaiano
37,620,3,75,1,1,chiaiano
38,500,2,60,1,T,chiaiano
39,600,1,50,1,2,chiaiano
40,420,2,65,1,3,chiaiano
41,500,2,80,1,3,chiaiano
42,450,2,45,1,1,chiaiano
43,550,3,80,1,1,chiaiano
44,480,2,50,1,T,chiaiano
45,600,2,45,1,2,chiaiano
46,650,3,75,2,1,chiaiano
47,700,2,80,1,3,chiaiano
48,490,3,90,1,R,chiaiano
49,700,3,104,2,2,chiaiano
0,530,3,80,1,2,piscinola
1,430,1,50,,,piscinola
2,350,1,30,1,R,piscinola
3,550,3,70,2,2,piscinola
4,450,3,70,1,T,piscinola
5,530,3,70,1,1,piscinola
6,800,3,110,2,3,piscinola
7,550,3,103,1,3,piscinola
8,500,3,80,1,T,piscinola
9,600,3,100,1,5,piscinola
10,550,3,50,1,R,piscinola
11,700,3,85,1,,piscinola
12,620,3,120,2,1,piscinola
13,500,3,85,1,T,piscinola
14,890,5,170,3,,piscinola
15,790,3,154,2,5,piscinola
16,780,4,100,1,1,piscinola
17,450,2,50,1,T,piscinola
18,620,3,75,1,1,piscinola
19,420,2,65,1,3,piscinola
20,700,2,80,1,3,piscinola
21,500,2,70,,,piscinola
0,860,4,117,2,1,pianura
1,700,4,100,2,2,pianura
2,520,3,100,2,1,pianura
3,630,3,110,1,7,pianura
4,680,3,100,1,2,pianura
5,750,3,100,2,2,pianura
6,700,2,80,,R,pianura
7,700,5,140,1,6,pianura
8,600,3,95,1,2,pianura
9,650,3,110,2,1,pianura
10,600,3,167,2,T,pianura
11,350,2,65,1,R,pianura
12,600,3,100,2,1,pianura
13,350,1,70,1,T,pianura
14,600,3,103,1,2,pianura
15,460,2,50,1,T,pianura
16,750,4,110,1,2,pianura
17,250,2,80,1,1,pianura
18,600,4,110,2,R,pianura
19,700,5,140,,R,pianura
20,750,5,120,,2,pianura
21,600,3,95,1,2,pianura
22,500,2,70,1,5,pianura
23,700,4,125,1,R,pianura
24,650,3,95,2,1,pianura
0,550,2,65,1,3,soccavo
1,690,4,115,1,1,soccavo
2,650,1,53,1,T,soccavo
3,600,2,50,1,T,soccavo
4,550,2,50,1,T,soccavo
5,750,4,100,,R,soccavo
6,800,3,100,1,2,soccavo
7,900,4,100,,5,soccavo
8,600,2,60,,5,soccavo
9,700,4,100,,2,soccavo
10,400,1,30,,2,soccavo
11,500,2,50,,2,soccavo
12,650,3,70,,2,soccavo
13,450,1,45,1,5,soccavo
14,1100,4,110,2,4,soccavo
15,650,3,70,1,3,soccavo
16,370,1,45,1,T,soccavo
17,700,2,70,1,1,soccavo
18,830,3,106,1,1,soccavo
19,650,4,105,1,T,soccavo
20,850,3,70,1,T,soccavo
21,800,3,100,2,T,soccavo
22,800,3,102,1,R,soccavo
23,650,2,65,1,T,soccavo
24,950,4,120,2,2,soccavo
25,750,2,60,1,2,soccavo
26,650,3,80,1,3,soccavo
27,430,1,40,1,,soccavo
28,,5,130,2,1,soccavo
29,650,2,65,1,3,soccavo
30,600,3,167,2,T,soccavo
31,720,3,80,1,,soccavo
32,650,2,50,1,,soccavo
33,700,3,100,1,2,soccavo
34,700,2,70,1,T,soccavo
35,650,3,75,1,,soccavo
36,950,3,70,1,T,soccavo
37,750,3,85,1,4,soccavo
38,850,3,100,1,2,soccavo
39,950,5,135,2,5,soccavo
40,1000,3,100,1,1,soccavo
41,1000,4,140,2,5,soccavo
42,900,4,99,2,T,soccavo
43,900,5,100,,1,soccavo
44,1100,,105,,,soccavo
45,950,5,134,2,A,soccavo
46,550,,52,,,soccavo
47,800,4,100,2,3,soccavo
48,850,4,120,2,2,soccavo
49,850,4,120,2,1,soccavo
0,690,4,115,1,1,traiano
1,600,2,50,1,T,traiano
2,550,2,50,1,T,traiano
3,750,2,80,1,R,traiano
4,650,,50,1,A,traiano
5,700,2,70,1,6,traiano
6,1000,4,90,2,T,traiano
7,800,2,90,2,2,traiano
8,850,,120,,,traiano
9,650,2,70,1,1,traiano
10,600,1,40,1,,traiano
11,700,4,95,1,,traiano
12,800,3,80,2,2,traiano
13,650,3,80,1,1,traiano
14,850,4,80,2,1,traiano
15,650,4,95,1,3,traiano
16,900,2,78,2,1,traiano
17,850,3,88,1,6,traiano
0,650,2,70,1,,fuorigrotta
1,500,1,45,1,4,fuorigrotta
2,430,2,40,1,3,fuorigrotta
3,600,2,70,1,3,fuorigrotta
4,650,1,53,1,T,fuorigrotta
5,950,5,150,2,5,fuorigrotta
6,700,3,80,1,1,fuorigrotta
7,750,2,65,1,2,fuorigrotta
8,700,3,75,1,6,fuorigrotta
9,750,3,85,1,2,fuorigrotta
10,1200,4,130,2,1,fuorigrotta
11,500,2,40,1,R,fuorigrotta
12,680,2,65,1,1,fuorigrotta
13,850,3,99,1,3,fuorigrotta
14,670,3,60,1,1,fuorigrotta
15,650,3,70,1,1,fuorigrotta
16,500,4,110,2,3,fuorigrotta
17,1100,4,110,2,4,fuorigrotta
18,3200,5+,330,3,R,fuorigrotta
19,680,2,60,1,1,fuorigrotta
20,800,3,90,2,3,fuorigrotta
21,700,3,75,1,4,fuorigrotta
22,850,3,70,1,5,fuorigrotta
23,750,3,90,2,2,fuorigrotta
24,600,2,60,1,R,fuorigrotta
25,750,3,85,1,2,fuorigrotta
26,850,3,70,1,T,fuorigrotta
27,650,4,120,1,4,fuorigrotta
28,650,3,75,1,3,fuorigrotta
29,750,2,60,1,2,fuorigrotta
30,1400,4,148,2,5,fuorigrotta
31,800,3,100,1,6,fuorigrotta
32,1000,2,75,1,5,fuorigrotta
33,1000,3,120,2,5,fuorigrotta
34,900,5,140,2,2,fuorigrotta
35,790,2,60,1,7,fuorigrotta
36,720,3,80,1,,fuorigrotta
37,950,4,100,2,4,fuorigrotta
38,650,2,65,1,T,fuorigrotta
39,280,3,80,1,R,fuorigrotta
40,600,2,60,,R,fuorigrotta
41,790,3,65,1,2,fuorigrotta
42,750,3,70,1,4,fuorigrotta
43,820,3,85,1,R,fuorigrotta
44,650,2,70,1,6,fuorigrotta
45,680,2,60,1,4,fuorigrotta
46,900,3,87,1,3,fuorigrotta
47,600,4,1,1,,fuorigrotta
48,950,3,70,1,T,fuorigrotta
49,650,2,58,2,R,fuorigrotta
50,6500,,1.050,2,T,fuorigrotta
51,780,3,80,1,5,fuorigrotta
52,850,2,75,1,6,fuorigrotta
53,800,3,90,2,2,fuorigrotta
54,1000,3,100,1,1,fuorigrotta
55,850,3,95,1,4,fuorigrotta
56,600,2,60,1,T,fuorigrotta
57,1000,5,125,2,1,fuorigrotta
58,900,3,90,1,6,fuorigrotta
59,650,3,75,1,T,fuorigrotta
60,750,3,85,1,6,fuorigrotta
61,850,3,110,1,6,fuorigrotta
62,750,3,80,2,1,fuorigrotta
63,720,3,87,1,3,fuorigrotta
64,850,3,90,2,5,fuorigrotta
65,800,3,100,1,1,fuorigrotta
66,750,3,90,1,5,fuorigrotta
67,750,3,90,2,4,fuorigrotta
68,1000,4,90,1,7,fuorigrotta
69,750,4,90,1,R,fuorigrotta
70,700,3,85,2,T,fuorigrotta
71,850,4,120,2,1,fuorigrotta
72,950,4,126,1,3,fuorigrotta
73,600,2,85,,,fuorigrotta
74,700,3,80,1,1,fuorigrotta
0,800,3,60,2,T,bagnoli
1,380,1,30,1,R,bagnoli
2,800,3,85,1,1,bagnoli
3,750,3,95,1,R,bagnoli
4,800,4,80,1,2,bagnoli
5,950,4,100,1,7,bagnoli
6,550,3,55,1,1,bagnoli
7,600,2,50,1,1,bagnoli
8,980,4,95,2,2,bagnoli
9,750,4,100,1,1,bagnoli
10,1250,4,140,2,T,bagnoli
11,3000,4,120,2,,bagnoli
12,450,3,60,1,S,bagnoli
13,700,2,65,1,3,bagnoli
14,600,2,65,1,3,bagnoli
15,700,2,40,1,A,bagnoli
16,1000,5,156,2,2,bagnoli
17,700,3,80,1,R,bagnoli
18,800,5,190,2,,bagnoli
19,550,3,85,1,4,bagnoli
20,600,2,48,1,3,bagnoli
21,750,4,80,2,1,bagnoli
22,330,2,25,1,R,bagnoli
23,600,3,60,1,R,bagnoli
24,700,2,55,1,1,bagnoli
0,450,2,48,1,T,rione-alto
1,1000,3,90,2,6,rione-alto
2,850,3,90,2,T,rione-alto
3,800,2,60,1,1,rione-alto
4,950,3,90,1,5,rione-alto
5,1000,4,90,,,rione-alto
6,870,4,88,1,7,rione-alto
7,1100,5,130,2,3,rione-alto
8,800,2,55,1,,rione-alto
9,850,2,70,1,3,rione-alto
10,1200,5+,140,2,,rione-alto
11,850,3,85,1,1,rione-alto
12,1200,4,130,2,2,rione-alto
13,900,3,85,1,,rione-alto
14,750,3,105,1,1,rione-alto
15,800,2,50,1,7,rione-alto
16,1400,4,140,2,A,rione-alto
17,800,2,80,2,6,rione-alto
18,1200,4,135,2,2,rione-alto
19,950,3,100,2,8,rione-alto
20,1200,5,125,2,3,rione-alto
21,1200,5+,140,2,2,rione-alto
22,1000,3,90,2,6,rione-alto
23,1100,4,115,2,,rione-alto
24,1000,3,90,2,6,rione-alto
0,650,4,130,2,,camaldoli
1,800,3,110,2,T,camaldoli
2,800,4,100,2,,camaldoli
3,600,3,90,1,T,camaldoli
4,6000,5+,631,3+,,camaldoli
5,420,1,55,,1,camaldoli
6,500,2,50,1,R,camaldoli
7,450,2,35,1,T,camaldoli
8,700,3,100,1,4,camaldoli
9,750,4,100,1,1,camaldoli
10,1150,4,110,2,,camaldoli
11,600,2,60,1,2,camaldoli
12,450,2,45,1,1,camaldoli
13,550,3,80,1,1,camaldoli
14,400,2,40,1,2,camaldoli
15,750,3,75,1,1,camaldoli
0,800,2,40,1,3,chiaia
1,1500,3,95,2,3,chiaia
2,1900,5,130,2,3,chiaia
3,680,2,50,1,1,chiaia
4,750,1,35,1,2,chiaia
5,1200,4,110,2,1,chiaia
6,1200,3,75,,,chiaia
7,900,2,70,1,1,chiaia
8,950,2,60,1,3,chiaia
9,1400,3,90,2,4,chiaia
10,2376,5+,132,,,chiaia
11,1580,4,88,,,chiaia
12,2000,5,111,,2,chiaia
13,1600,1,95,,,chiaia
14,1700,4,95,,,chiaia
15,1700,4,140,2,1,chiaia
16,1250,2,55,1,1,chiaia
17,800,2,40,1,1,chiaia
18,1100,2,60,1,4,chiaia
19,950,3,90,1,2,chiaia
20,1500,4,160,2,2,chiaia
21,1250,3,100,2,1,chiaia
22,1100,3,102,1,2,chiaia
23,600,1,20,1,9,chiaia
24,1300,2,80,2,,chiaia
25,1400,2,64,1,3,chiaia
26,1600,3,93,1,2,chiaia
27,2000,3,110,1,2,chiaia
28,1700,3,95,1,1,chiaia
29,800,1,30,1,2,chiaia
30,1150,2,60,1,1,chiaia
31,650,,45,,R,chiaia
32,2000,5,140,2,4,chiaia
33,1200,2,74,1,R,chiaia
34,580,1,25,1,5,chiaia
35,750,2,70,1,,chiaia
36,600,1,25,1,1,chiaia
37,1200,2,65,2,T,chiaia
38,1300,3,70,2,5,chiaia
39,1700,5,95,1,1,chiaia
40,1100,2,45,1,T,chiaia
41,530,1,25,1,3,chiaia
42,1300,2,65,2,R,chiaia
43,2500,5,145,2,5,chiaia
44,1700,5,95,1,1,chiaia
45,1500,3,90,2,3,chiaia
46,1100,2,93,1,3,chiaia
47,1000,3,90,1,2,chiaia
48,650,1,30,1,1,chiaia
49,800,1,25,1,1,chiaia
50,1200,3,75,2,2,chiaia
51,1300,2,80,2,3,chiaia
52,900,2,65,1,1,chiaia
53,,5+,500,3+,1,chiaia
54,2000,4,130,2,1,chiaia
55,1250,3,60,1,4,chiaia
56,1000,3,55,1,1,chiaia
57,,,500,,1,chiaia
58,1100,2,55,1,3,chiaia
59,1500,4,95,2,R,chiaia
60,350,,20,,R,chiaia
61,1600,4,100,2,1,chiaia
62,5000,5+,275,3,4,chiaia
63,550,2,30,1,2,chiaia
64,950,2,60,1,,chiaia
65,900,2,60,1,1,chiaia
66,800,3,65,2,2,chiaia
67,450,2,40,1,T,chiaia
68,650,1,30,1,2,chiaia
69,1000,2,71,1,3,chiaia
70,1000,2,80,1,1,chiaia
71,1000,3,90,1,T,chiaia
72,600,1,35,1,T,chiaia
73,500,1,20,1,T,chiaia
74,420,2,44,1,T,chiaia
75,1100,2,55,1,4,chiaia
76,950,2,40,1,3,chiaia
77,3000,5,160,3,,chiaia
78,1400,5,120,3,2,chiaia
79,700,2,80,2,,chiaia
80,1100,2,45,1,T,chiaia
81,800,2,70,1,R,chiaia
82,,3,60,3,1,chiaia
83,2000,2,75,1,1,chiaia
84,800,2,30,1,3,chiaia
85,1600,3,93,1,2,chiaia
86,5000,5+,275,3+,4,chiaia
87,1600,5,95,1,,chiaia
88,2000,5+,160,2,A,chiaia
89,850,2,50,1,1,chiaia
90,2600,4,166,3,A,chiaia
91,1300,4,90,1,5,chiaia
92,3500,5+,210,2,2,chiaia
93,500,1,35,1,R,chiaia
94,1280,3,90,2,4,chiaia
95,1200,3,70,2,,chiaia
96,900,1,60,1,1,chiaia
97,1200,3,90,,1,chiaia
98,550,2,45,1,3,chiaia
99,1350,4,110,2,3,chiaia
100,3500,4,160,2,5,chiaia
101,2150,3,60,,,chiaia
102,750,1,40,1,1,chiaia
103,2700,5+,170,3,,chiaia
104,1400,2,70,1,3,chiaia
105,7000,5+,260,3+,,chiaia
106,1900,5,170,2,7,chiaia
107,2800,5+,170,2,4,chiaia
108,1000,2,45,1,,chiaia
109,1250,2,65,1,4,chiaia
110,5000,5+,306,3,3,chiaia
111,900,1,60,1,R,chiaia
112,1050,2,43,1,R,chiaia
113,1400,2,50,2,4,chiaia
114,1050,2,40,1,,chiaia
115,2000,4,110,2,4,chiaia
116,1600,4,90,1,T,chiaia
117,850,2,45,1,R,chiaia
118,590,2,45,1,S,chiaia
119,2000,4,110,1,2,chiaia
120,600,1,33,1,2,chiaia
121,600,1,25,1,1,chiaia
122,1400,2,65,2,4,chiaia
123,930,3,70,2,,chiaia
124,1050,4,90,1,1,chiaia
0,1200,3,70,2,1,mergellina
1,1200,2,80,2,4,mergellina
2,,4,120,2,4,mergellina
3,2300,5+,150,3+,7,mergellina
4,1750,5,140,2,2,mergellina
5,750,2,60,1,1,mergellina
6,1900,4,130,3,2,mergellina
7,1500,3,93,2,5,mergellina
8,950,3,90,1,2,mergellina
9,850,1,30,1,A,mergellina
10,850,2,75,1,4,mergellina
11,2100,3,105,3,T,mergellina
12,1500,3,115,2,A,mergellina
13,1100,3,90,1,7,mergellina
14,2900,5,150,2,2,mergellina
15,1700,5,170,2,5,mergellina
16,600,1,40,1,3,mergellina
17,750,2,50,1,2,mergellina
18,1100,2,80,2,3,mergellina
19,1000,3,90,1,2,mergellina
20,1300,2,70,2,1,mergellina
21,2000,5,150,2,5,mergellina
22,700,2,53,1,S,mergellina
23,2500,5,130,2,1,mergellina
24,450,2,40,1,T,mergellina
0,400,3,80,1,2,ponti-rossi
1,450,2,55,1,4,ponti-rossi
2,500,2,55,1,4,ponti-rossi
3,600,4,100,2,1,ponti-rossi
4,600,2,65,1,,ponti-rossi
5,500,3,80,1,4,ponti-rossi
6,600,3,95,1,4,ponti-rossi
7,550,2,65,,,ponti-rossi
8,400,3,70,1,2,ponti-rossi
9,600,3,90,1,1,ponti-rossi
10,600,2,65,1,1,ponti-rossi
11,450,3,85,1,4,ponti-rossi
12,700,2,98,2,T,ponti-rossi
13,600,3,85,1,4,ponti-rossi
14,700,3,80,1,3,ponti-rossi
15,450,2,45,,,ponti-rossi
16,400,2,50,,,ponti-rossi
17,650,3,70,1,R,ponti-rossi
18,380,2,60,,,ponti-rossi
